postcode,population,active,cases,rate,new,band,data_date,file_processed_date
3000,37979,237,500,624,22,6,16/10/2021,17/10/2021
3001,0,0,0,0,0,0,16/10/2021,17/10/2021
3002,4957,10,30,201.7,0,5,16/10/2021,17/10/2021
3003,5516,34,129,616.4,2,6,16/10/2021,17/10/2021
3004,9311,29,123,311.5,0,5,16/10/2021,17/10/2021
3005,523,0,0,0,0,0,16/10/2021,17/10/2021
3006,18811,70,199,372.1,4,5,16/10/2021,17/10/2021
3008,10438,46,149,440.7,2,5,16/10/2021,17/10/2021
3010,1595,0,0,0,0,0,16/10/2021,17/10/2021
3011,21464,140,385,652.3,5,6,16/10/2021,17/10/2021
3012,26295,138,396,524.8,6,6,16/10/2021,17/10/2021
3013,14967,25,154,167,4,4,16/10/2021,17/10/2021
3015,17472,53,226,303.3,4,5,16/10/2021,17/10/2021
3016,15558,31,94,199.3,2,4,16/10/2021,17/10/2021
3018,12685,26,89,205,0,5,16/10/2021,17/10/2021
3019,9199,80,242,869.7,3,6,16/10/2021,17/10/2021
3020,44784,345,1056,770.4,24,6,16/10/2021,17/10/2021
3021,54190,443,1369,817.5,26,6,16/10/2021,17/10/2021
3022,3102,13,130,419.1,0,5,16/10/2021,17/10/2021
3023,63974,521,1454,814.4,34,6,16/10/2021,17/10/2021
3024,23852,198,551,830.1,18,6,16/10/2021,17/10/2021
3025,12155,81,689,666.4,9,6,16/10/2021,17/10/2021
3026,72,57,198,79166.7,9,7,16/10/2021,17/10/2021
3027,6650,35,174,526.3,1,6,16/10/2021,17/10/2021
3028,29198,193,493,661,9,6,16/10/2021,17/10/2021
3029,93946,904,3162,962.3,103,6,16/10/2021,17/10/2021
3030,100311,577,1729,575.2,65,6,16/10/2021,17/10/2021
3031,18533,53,461,286,5,5,16/10/2021,17/10/2021
3032,29449,130,452,441.4,2,5,16/10/2021,17/10/2021
3033,14512,68,223,468.6,2,5,16/10/2021,17/10/2021
3034,11633,62,219,533,4,6,16/10/2021,17/10/2021
3036,5921,44,106,743.1,0,6,16/10/2021,17/10/2021
3037,51156,498,1364,973.5,31,6,16/10/2021,17/10/2021
3038,27258,221,474,810.8,7,6,16/10/2021,17/10/2021
3039,14252,43,205,301.7,3,5,16/10/2021,17/10/2021
3040,25939,93,363,358.5,1,5,16/10/2021,17/10/2021
3041,12412,54,155,435.1,4,5,16/10/2021,17/10/2021
3042,15762,79,207,501.2,5,6,16/10/2021,17/10/2021
3043,17715,117,357,660.5,14,6,16/10/2021,17/10/2021
3044,27116,174,523,641.7,6,6,16/10/2021,17/10/2021
3045,100,0,0,0,0,0,16/10/2021,17/10/2021
3046,34061,387,1586,1136.2,20,7,16/10/2021,17/10/2021
3047,20901,477,1696,2282.2,29,7,16/10/2021,17/10/2021
3048,18025,418,1398,2319,12,7,16/10/2021,17/10/2021
3049,9266,79,297,852.6,6,6,16/10/2021,17/10/2021
3050,119,0,1,0,0,0,16/10/2021,17/10/2021
3051,14939,70,350,468.6,5,5,16/10/2021,17/10/2021
3052,5697,12,126,210.6,1,5,16/10/2021,17/10/2021
3053,18538,64,244,345.2,9,5,16/10/2021,17/10/2021
3054,8426,9,73,106.8,1,4,16/10/2021,17/10/2021
3055,14160,54,175,381.4,3,5,16/10/2021,17/10/2021
3056,24475,98,276,400.4,11,5,16/10/2021,17/10/2021
3057,11502,31,108,269.5,3,5,16/10/2021,17/10/2021
3058,33783,168,623,497.3,7,5,16/10/2021,17/10/2021
3059,15466,188,753,1215.6,16,7,16/10/2021,17/10/2021
3060,14040,168,716,1196.6,5,7,16/10/2021,17/10/2021
3061,5059,78,419,1541.8,7,7,16/10/2021,17/10/2021
3062,0,0,1,0,0,0,16/10/2021,17/10/2021
3063,574,1,12,174.2,0,4,16/10/2021,17/10/2021
3064,75458,1498,5528,1985.2,72,7,16/10/2021,17/10/2021
3065,10447,76,220,727.5,10,6,16/10/2021,17/10/2021
3066,8512,30,144,352.4,3,5,16/10/2021,17/10/2021
3067,8199,27,74,329.3,1,5,16/10/2021,17/10/2021
3068,18665,43,183,230.4,5,5,16/10/2021,17/10/2021
3070,24567,56,246,227.9,5,5,16/10/2021,17/10/2021
3071,18569,55,214,296.2,5,5,16/10/2021,17/10/2021
3072,32848,190,483,578.4,9,6,16/10/2021,17/10/2021
3073,50479,332,947,657.7,13,6,16/10/2021,17/10/2021
3074,20522,302,707,1471.6,14,7,16/10/2021,17/10/2021
3075,22594,336,752,1487.1,21,7,16/10/2021,17/10/2021
3076,32395,357,1027,1102,21,7,16/10/2021,17/10/2021
3077,,2,2,0,0,0,16/10/2021,17/10/2021
3078,11638,25,74,214.8,1,5,16/10/2021,17/10/2021
3079,15990,35,110,218.9,0,5,16/10/2021,17/10/2021
3081,13424,109,392,812,5,6,16/10/2021,17/10/2021
3082,29713,189,538,636.1,16,6,16/10/2021,17/10/2021
3083,31526,192,470,609,10,6,16/10/2021,17/10/2021
3084,25514,33,140,129.3,0,4,16/10/2021,17/10/2021
3085,13882,19,72,136.9,3,4,16/10/2021,17/10/2021
3086,908,0,0,0,0,0,16/10/2021,17/10/2021
3087,9033,37,74,409.6,3,5,16/10/2021,17/10/2021
3088,26890,61,194,226.9,9,5,16/10/2021,17/10/2021
3089,11739,23,53,195.9,2,4,16/10/2021,17/10/2021
3090,2362,9,65,381,1,5,16/10/2021,17/10/2021
3091,1585,4,4,252.4,0,5,16/10/2021,17/10/2021
3093,3891,12,34,308.4,0,5,16/10/2021,17/10/2021
3094,8963,16,35,178.5,0,4,16/10/2021,17/10/2021
3095,27770,56,110,201.7,2,5,16/10/2021,17/10/2021
3096,1966,0,13,0,0,0,16/10/2021,17/10/2021
3097,1443,5,7,346.5,0,5,16/10/2021,17/10/2021
3099,4877,8,20,164,0,4,16/10/2021,17/10/2021
3101,24604,25,95,101.6,2,4,16/10/2021,17/10/2021
3102,6634,11,38,165.8,0,4,16/10/2021,17/10/2021
3103,15343,11,37,71.7,1,3,16/10/2021,17/10/2021
3104,20404,42,85,205.8,0,5,16/10/2021,17/10/2021
3105,10877,41,73,376.9,5,5,16/10/2021,17/10/2021
3106,16620,55,103,330.9,3,5,16/10/2021,17/10/2021
3107,13557,47,83,346.7,4,5,16/10/2021,17/10/2021
3108,20823,51,132,244.9,1,5,16/10/2021,17/10/2021
3109,28357,41,131,144.6,1,4,16/10/2021,17/10/2021
3111,12348,12,43,97.2,1,3,16/10/2021,17/10/2021
3113,8460,11,20,130,2,4,16/10/2021,17/10/2021
3114,3823,2,18,52.3,0,3,16/10/2021,17/10/2021
3115,3799,4,11,105.3,0,4,16/10/2021,17/10/2021
3116,9872,14,50,141.8,1,4,16/10/2021,17/10/2021
3121,30502,71,304,232.8,5,5,16/10/2021,17/10/2021
3122,23508,29,106,123.4,4,4,16/10/2021,17/10/2021
3123,14319,6,37,41.9,2,2,16/10/2021,17/10/2021
3124,22091,12,61,54.3,3,3,16/10/2021,17/10/2021
3125,15021,17,65,113.2,1,4,16/10/2021,17/10/2021
3126,8060,7,19,86.8,0,3,16/10/2021,17/10/2021
3127,18445,14,51,75.9,0,3,16/10/2021,17/10/2021
3128,19832,18,83,90.8,2,3,16/10/2021,17/10/2021
3129,17374,16,45,92.1,0,3,16/10/2021,17/10/2021
3130,32171,36,82,111.9,2,4,16/10/2021,17/10/2021
3131,22499,35,66,155.6,2,4,16/10/2021,17/10/2021
3132,16148,10,33,61.9,1,3,16/10/2021,17/10/2021
3133,22119,25,58,113,4,4,16/10/2021,17/10/2021
3134,32782,49,112,149.5,6,4,16/10/2021,17/10/2021
3135,19954,24,63,120.3,2,4,16/10/2021,17/10/2021
3136,44373,80,185,180.3,6,4,16/10/2021,17/10/2021
3137,13872,18,117,129.8,1,4,16/10/2021,17/10/2021
3138,21964,32,75,145.7,3,4,16/10/2021,17/10/2021
3139,13722,17,33,123.9,2,4,16/10/2021,17/10/2021
3140,16532,37,77,223.8,5,5,16/10/2021,17/10/2021
3141,25149,62,175,246.5,3,5,16/10/2021,17/10/2021
3142,12912,21,63,162.6,2,4,16/10/2021,17/10/2021
3143,9052,15,60,165.7,0,4,16/10/2021,17/10/2021
3144,10885,18,49,165.4,1,4,16/10/2021,17/10/2021
3145,23294,25,105,107.3,2,4,16/10/2021,17/10/2021
3146,25256,27,82,106.9,6,4,16/10/2021,17/10/2021
3147,14634,23,71,157.2,4,4,16/10/2021,17/10/2021
3148,8643,29,65,335.5,3,5,16/10/2021,17/10/2021
3149,33612,37,130,110.1,3,4,16/10/2021,17/10/2021
3150,60082,95,228,158.1,10,4,16/10/2021,17/10/2021
3151,10269,9,28,87.6,0,3,16/10/2021,17/10/2021
3152,33089,56,119,169.2,3,4,16/10/2021,17/10/2021
3153,20552,81,154,394.1,3,5,16/10/2021,17/10/2021
3154,4418,12,24,271.6,0,5,16/10/2021,17/10/2021
3155,22193,74,120,333.4,7,5,16/10/2021,17/10/2021
3156,37458,67,143,178.9,5,4,16/10/2021,17/10/2021
3158,6648,17,26,255.7,0,5,16/10/2021,17/10/2021
3159,2652,3,7,113.1,0,4,16/10/2021,17/10/2021
3160,9014,21,42,233,0,5,16/10/2021,17/10/2021
3161,15271,34,84,222.6,2,5,16/10/2021,17/10/2021
3162,17452,56,92,320.9,2,5,16/10/2021,17/10/2021
3163,32355,63,158,194.7,6,4,16/10/2021,17/10/2021
3164,0,0,0,0,0,0,16/10/2021,17/10/2021
3165,27636,44,116,159.2,2,4,16/10/2021,17/10/2021
3166,23759,85,167,357.8,6,5,16/10/2021,17/10/2021
3167,9259,21,51,226.8,1,5,16/10/2021,17/10/2021
3168,20200,60,150,297,6,5,16/10/2021,17/10/2021
3169,20122,100,168,497,5,5,16/10/2021,17/10/2021
3170,19370,74,138,382,8,5,16/10/2021,17/10/2021
3171,21713,105,164,483.6,13,5,16/10/2021,17/10/2021
3172,23091,112,164,485,14,5,16/10/2021,17/10/2021
3173,25785,156,288,605,19,6,16/10/2021,17/10/2021
3174,38465,293,481,761.7,29,6,16/10/2021,17/10/2021
3175,53297,547,1044,1026.3,71,7,16/10/2021,17/10/2021
3177,11305,155,254,1371.1,21,7,16/10/2021,17/10/2021
3178,33669,57,135,169.3,2,4,16/10/2021,17/10/2021
3179,6019,8,31,132.9,1,4,16/10/2021,17/10/2021
3180,7462,20,39,268,1,5,16/10/2021,17/10/2021
3181,20267,54,199,266.4,1,5,16/10/2021,17/10/2021
3182,23394,112,273,478.8,4,5,16/10/2021,17/10/2021
3183,18491,66,158,356.9,5,5,16/10/2021,17/10/2021
3184,15547,42,92,270.1,1,5,16/10/2021,17/10/2021
3185,12932,44,77,340.2,2,5,16/10/2021,17/10/2021
3186,23258,52,187,223.6,0,5,16/10/2021,17/10/2021
3187,15997,31,89,193.8,2,4,16/10/2021,17/10/2021
3188,18082,46,75,254.4,6,5,16/10/2021,17/10/2021
3189,5894,18,28,305.4,1,5,16/10/2021,17/10/2021
3190,10457,29,119,277.3,5,5,16/10/2021,17/10/2021
3191,10242,9,48,87.9,0,3,16/10/2021,17/10/2021
3192,22292,24,111,107.7,1,4,16/10/2021,17/10/2021
3193,19505,22,55,112.8,4,4,16/10/2021,17/10/2021
3194,12965,20,46,154.3,3,4,16/10/2021,17/10/2021
3195,35867,62,144,172.9,3,4,16/10/2021,17/10/2021
3196,25329,65,181,256.6,6,5,16/10/2021,17/10/2021
3197,11547,37,55,320.4,4,5,16/10/2021,17/10/2021
3198,16462,57,94,346.3,11,5,16/10/2021,17/10/2021
3199,54299,102,249,187.8,11,4,16/10/2021,17/10/2021
3200,5759,42,68,729.3,3,6,16/10/2021,17/10/2021
3201,20713,105,159,506.9,5,6,16/10/2021,17/10/2021
3202,2907,3,9,103.2,0,4,16/10/2021,17/10/2021
3204,30642,81,161,264.3,1,5,16/10/2021,17/10/2021
3205,10919,53,95,485.4,4,5,16/10/2021,17/10/2021
3206,10366,26,72,250.8,0,5,16/10/2021,17/10/2021
3207,16180,76,220,469.7,3,5,16/10/2021,17/10/2021
3211,1319,13,38,985.6,1,6,16/10/2021,17/10/2021
3212,16650,22,60,132.1,3,4,16/10/2021,17/10/2021
3213,4032,9,28,223.2,0,5,16/10/2021,17/10/2021
3214,23960,70,128,292.2,3,5,16/10/2021,17/10/2021
3215,20615,22,81,106.7,0,4,16/10/2021,17/10/2021
3216,56285,18,135,32,1,2,16/10/2021,17/10/2021
3217,6607,14,38,211.9,2,5,16/10/2021,17/10/2021
3218,13438,4,19,29.8,0,2,16/10/2021,17/10/2021
3219,19719,13,40,65.9,2,3,16/10/2021,17/10/2021
3220,16352,9,38,55,2,3,16/10/2021,17/10/2021
3221,754,2,3,265.3,0,5,16/10/2021,17/10/2021
3222,14962,8,25,53.5,0,3,16/10/2021,17/10/2021
3223,7401,12,25,162.1,4,4,16/10/2021,17/10/2021
3224,14187,4,21,28.2,0,2,16/10/2021,17/10/2021
3225,4058,2,5,49.3,0,2,16/10/2021,17/10/2021
3226,14161,5,24,35.3,2,2,16/10/2021,17/10/2021
3227,4821,0,7,0,0,0,16/10/2021,17/10/2021
3228,17939,4,19,22.3,0,2,16/10/2021,17/10/2021
3230,2548,1,2,39.2,1,2,16/10/2021,17/10/2021
3231,1257,0,3,0,0,0,16/10/2021,17/10/2021
3232,1111,0,1,0,0,0,16/10/2021,17/10/2021
3233,2029,0,0,0,0,0,16/10/2021,17/10/2021
3234,179,0,0,0,0,0,16/10/2021,17/10/2021
3235,380,0,0,0,0,0,16/10/2021,17/10/2021
3236,230,0,0,0,0,0,16/10/2021,17/10/2021
3237,218,0,0,0,0,0,16/10/2021,17/10/2021
3238,219,0,0,0,0,0,16/10/2021,17/10/2021
3239,423,0,1,0,0,0,16/10/2021,17/10/2021
3240,2026,3,5,148.1,0,4,16/10/2021,17/10/2021
3241,2565,2,3,78,0,3,16/10/2021,17/10/2021
3242,828,0,1,0,0,0,16/10/2021,17/10/2021
3243,357,0,0,0,0,0,16/10/2021,17/10/2021
3249,3204,0,7,0,0,0,16/10/2021,17/10/2021
3250,12250,17,153,138.8,1,4,16/10/2021,17/10/2021
3251,522,0,7,0,0,0,16/10/2021,17/10/2021
3254,307,1,2,325.7,0,5,16/10/2021,17/10/2021
3260,4768,1,7,21,1,2,16/10/2021,17/10/2021
3264,2289,0,0,0,0,0,16/10/2021,17/10/2021
3265,2614,5,7,191.3,0,4,16/10/2021,17/10/2021
3266,3071,0,1,0,0,0,16/10/2021,17/10/2021
3267,245,0,0,0,0,0,16/10/2021,17/10/2021
3268,2601,0,0,0,0,0,16/10/2021,17/10/2021
3269,729,0,0,0,0,0,16/10/2021,17/10/2021
3270,251,0,0,0,0,0,16/10/2021,17/10/2021
3271,193,0,0,0,0,0,16/10/2021,17/10/2021
3272,1533,0,1,0,0,0,16/10/2021,17/10/2021
3273,146,0,1,0,0,0,16/10/2021,17/10/2021
3274,242,0,0,0,0,0,16/10/2021,17/10/2021
3275,426,0,0,0,0,0,16/10/2021,17/10/2021
3276,479,0,0,0,0,0,16/10/2021,17/10/2021
3277,1922,0,0,0,0,0,16/10/2021,17/10/2021
3278,315,0,0,0,0,0,16/10/2021,17/10/2021
3279,291,0,0,0,0,0,16/10/2021,17/10/2021
3280,31568,2,35,6.3,0,1,16/10/2021,17/10/2021
3281,1702,0,1,0,0,0,16/10/2021,17/10/2021
3282,2363,1,1,42.3,0,2,16/10/2021,17/10/2021
3283,1361,0,1,0,0,0,16/10/2021,17/10/2021
3284,3437,0,0,0,0,0,16/10/2021,17/10/2021
3285,1210,0,1,0,0,0,16/10/2021,17/10/2021
3286,564,0,0,0,0,0,16/10/2021,17/10/2021
3287,436,0,0,0,0,0,16/10/2021,17/10/2021
3289,757,0,0,0,0,0,16/10/2021,17/10/2021
3292,187,0,0,0,0,0,16/10/2021,17/10/2021
3293,302,0,1,0,0,0,16/10/2021,17/10/2021
3294,954,0,0,0,0,0,16/10/2021,17/10/2021
3300,10087,0,1,0,0,0,16/10/2021,17/10/2021
3301,1212,0,0,0,0,0,16/10/2021,17/10/2021
3302,371,0,0,0,0,0,16/10/2021,17/10/2021
3303,338,0,0,0,0,0,16/10/2021,17/10/2021
3304,2725,0,1,0,0,0,16/10/2021,17/10/2021
3305,12815,3,21,23.4,0,2,16/10/2021,17/10/2021
3309,126,0,0,0,0,0,16/10/2021,17/10/2021
3310,272,0,0,0,0,0,16/10/2021,17/10/2021
3311,1696,0,0,0,0,0,16/10/2021,17/10/2021
3312,1033,0,0,0,0,0,16/10/2021,17/10/2021
3314,525,0,0,0,0,0,16/10/2021,17/10/2021
3315,1629,0,0,0,0,0,16/10/2021,17/10/2021
3317,197,0,0,0,0,0,16/10/2021,17/10/2021
3318,1265,0,0,0,0,0,16/10/2021,17/10/2021
3319,345,0,0,0,0,0,16/10/2021,17/10/2021
3321,1519,1,3,65.8,0,3,16/10/2021,17/10/2021
3322,176,0,0,0,0,0,16/10/2021,17/10/2021
3323,88,0,0,0,0,0,16/10/2021,17/10/2021
3324,531,0,0,0,0,0,16/10/2021,17/10/2021
3325,480,0,0,0,0,0,16/10/2021,17/10/2021
3328,1720,1,4,58.1,0,3,16/10/2021,17/10/2021
3329,284,0,0,0,0,0,16/10/2021,17/10/2021
3330,222,0,0,0,0,0,16/10/2021,17/10/2021
3331,5996,4,6,66.7,0,3,16/10/2021,17/10/2021
3332,1013,1,6,98.7,0,3,16/10/2021,17/10/2021
3333,827,0,1,0,0,0,16/10/2021,17/10/2021
3334,566,1,2,176.7,0,4,16/10/2021,17/10/2021
3335,5859,120,245,2048.1,11,7,16/10/2021,17/10/2021
3336,0,132,329,0,13,0,16/10/2021,17/10/2021
3337,36455,309,700,847.6,46,6,16/10/2021,17/10/2021
3338,23419,286,737,1221.2,25,7,16/10/2021,17/10/2021
3340,21123,47,129,222.5,2,5,16/10/2021,17/10/2021
3341,1666,4,5,240.1,0,5,16/10/2021,17/10/2021
3342,3440,1,6,29.1,0,2,16/10/2021,17/10/2021
3345,1151,0,0,0,0,0,16/10/2021,17/10/2021
3350,59147,38,102,64.2,1,3,16/10/2021,17/10/2021
3351,8169,0,1,0,0,0,16/10/2021,17/10/2021
3352,16000,8,18,50,1,3,16/10/2021,17/10/2021
3355,13016,6,16,46.1,0,2,16/10/2021,17/10/2021
3356,16322,21,34,128.7,2,4,16/10/2021,17/10/2021
3357,3714,0,0,0,0,0,16/10/2021,17/10/2021
3358,,3,3,0,0,0,16/10/2021,17/10/2021
3360,765,0,0,0,0,0,16/10/2021,17/10/2021
3361,680,0,0,0,0,0,16/10/2021,17/10/2021
3363,3476,1,1,28.8,0,2,16/10/2021,17/10/2021
3364,2149,0,2,0,0,0,16/10/2021,17/10/2021
3370,1782,0,0,0,0,0,16/10/2021,17/10/2021
3371,990,0,0,0,0,0,16/10/2021,17/10/2021
3373,2291,3,3,130.9,0,4,16/10/2021,17/10/2021
3374,399,0,0,0,0,0,16/10/2021,17/10/2021
3375,206,0,0,0,0,0,16/10/2021,17/10/2021
3377,9414,4,16,42.5,0,2,16/10/2021,17/10/2021
3378,149,0,0,0,0,0,16/10/2021,17/10/2021
3379,801,0,1,0,0,0,16/10/2021,17/10/2021
3380,6033,0,1,0,0,0,16/10/2021,17/10/2021
3381,1211,0,2,0,0,0,16/10/2021,17/10/2021
3384,547,1,1,182.8,0,4,16/10/2021,17/10/2021
3385,517,0,0,0,0,0,16/10/2021,17/10/2021
3387,315,0,0,0,0,0,16/10/2021,17/10/2021
3388,562,0,1,0,0,0,16/10/2021,17/10/2021
3390,914,0,0,0,0,0,16/10/2021,17/10/2021
3391,172,0,0,0,0,0,16/10/2021,17/10/2021
3392,581,0,0,0,0,0,16/10/2021,17/10/2021
3393,2684,0,1,0,0,0,16/10/2021,17/10/2021
3395,361,0,0,0,0,0,16/10/2021,17/10/2021
3396,738,0,0,0,0,0,16/10/2021,17/10/2021
3400,14541,1,4,6.9,0,1,16/10/2021,17/10/2021
3401,4418,1,12,22.6,0,2,16/10/2021,17/10/2021
3407,422,0,0,0,0,0,16/10/2021,17/10/2021
3409,937,0,1,0,0,0,16/10/2021,17/10/2021
3412,299,0,0,0,0,0,16/10/2021,17/10/2021
3413,220,0,0,0,0,0,16/10/2021,17/10/2021
3414,1824,0,0,0,0,0,16/10/2021,17/10/2021
3415,40,0,0,0,0,0,16/10/2021,17/10/2021
3418,2771,0,0,0,0,0,16/10/2021,17/10/2021
3419,806,0,0,0,0,0,16/10/2021,17/10/2021
3420,277,1,2,361,0,5,16/10/2021,17/10/2021
3423,480,0,0,0,0,0,16/10/2021,17/10/2021
3424,769,0,0,0,0,0,16/10/2021,17/10/2021
3427,2761,19,49,688.2,0,6,16/10/2021,17/10/2021
3428,680,0,0,0,0,0,16/10/2021,17/10/2021
3429,36296,142,437,391.2,11,5,16/10/2021,17/10/2021
3430,322,0,0,0,0,0,16/10/2021,17/10/2021
3431,3945,1,21,25.3,0,2,16/10/2021,17/10/2021
3432,196,0,0,0,0,0,16/10/2021,17/10/2021
3433,216,2,5,925.9,0,6,16/10/2021,17/10/2021
3434,5070,6,27,118.3,0,4,16/10/2021,17/10/2021
3435,2878,5,10,173.7,0,4,16/10/2021,17/10/2021
3437,10445,14,32,134,1,4,16/10/2021,17/10/2021
3438,2386,1,7,41.9,0,2,16/10/2021,17/10/2021
3440,2040,1,3,49,0,2,16/10/2021,17/10/2021
3441,1337,1,4,74.8,0,3,16/10/2021,17/10/2021
3442,7463,6,16,80.4,2,3,16/10/2021,17/10/2021
3444,9197,13,27,141.4,1,4,16/10/2021,17/10/2021
3446,1028,0,0,0,0,0,16/10/2021,17/10/2021
3447,448,0,0,0,0,0,16/10/2021,17/10/2021
3448,878,1,5,113.9,0,4,16/10/2021,17/10/2021
3450,6838,14,20,204.7,0,5,16/10/2021,17/10/2021
3595,665,0,0,0,0,0,16/10/2021,17/10/2021
3596,96,0,0,0,0,0,16/10/2021,17/10/2021
3597,413,0,0,0,0,0,16/10/2021,17/10/2021
3599,133,0,0,0,0,0,16/10/2021,17/10/2021
3607,136,0,0,0,0,0,16/10/2021,17/10/2021
3608,2417,0,0,0,0,0,16/10/2021,17/10/2021
3610,1714,4,4,233.4,0,5,16/10/2021,17/10/2021
3612,1708,0,2,0,0,0,16/10/2021,17/10/2021
3614,882,0,2,0,0,0,16/10/2021,17/10/2021
3616,5353,21,27,392.3,0,5,16/10/2021,17/10/2021
3617,163,0,0,0,0,0,16/10/2021,17/10/2021
3618,675,0,7,0,0,0,16/10/2021,17/10/2021
3620,8241,1,5,12.1,0,1,16/10/2021,17/10/2021
3621,2368,0,0,0,0,0,16/10/2021,17/10/2021
3622,456,0,1,0,0,0,16/10/2021,17/10/2021
3623,903,0,0,0,0,0,16/10/2021,17/10/2021
3624,558,0,1,0,0,0,16/10/2021,17/10/2021
3629,9130,8,22,87.6,1,3,16/10/2021,17/10/2021
3630,31266,158,300,505.3,30,6,16/10/2021,17/10/2021
3631,11610,39,120,335.9,1,5,16/10/2021,17/10/2021
3632,0,0,0,0,0,0,16/10/2021,17/10/2021
3633,604,0,0,0,0,0,16/10/2021,17/10/2021
3634,1798,5,5,278.1,1,5,16/10/2021,17/10/2021
3635,536,0,0,0,0,0,16/10/2021,17/10/2021
3636,5241,2,4,38.2,0,2,16/10/2021,17/10/2021
3637,593,0,0,0,0,0,16/10/2021,17/10/2021
3638,2075,0,2,0,0,0,16/10/2021,17/10/2021
3639,524,0,0,0,0,0,16/10/2021,17/10/2021
3640,1000,0,0,0,0,0,16/10/2021,17/10/2021
3641,1233,0,0,0,0,0,16/10/2021,17/10/2021
3644,9229,4,6,43.3,2,2,16/10/2021,17/10/2021
3646,586,0,0,0,0,0,16/10/2021,17/10/2021
3647,40,0,0,0,0,0,16/10/2021,17/10/2021
3649,431,0,0,0,0,0,16/10/2021,17/10/2021
3658,6221,10,48,160.7,0,4,16/10/2021,17/10/2021
3659,734,1,4,136.2,0,4,16/10/2021,17/10/2021
3660,7577,8,17,105.6,0,4,16/10/2021,17/10/2021
3662,1075,2,2,186,0,4,16/10/2021,17/10/2021
3663,180,0,0,0,0,0,16/10/2021,17/10/2021
3664,1072,5,5,466.4,2,5,16/10/2021,17/10/2021
3665,357,0,0,0,0,0,16/10/2021,17/10/2021
3666,4700,6,8,127.7,1,4,16/10/2021,17/10/2021
3669,1337,0,0,0,0,0,16/10/2021,17/10/2021
3670,571,1,1,175.1,0,4,16/10/2021,17/10/2021
3672,10330,4,11,38.7,0,2,16/10/2021,17/10/2021
3673,1729,0,0,0,0,0,16/10/2021,17/10/2021
3675,1803,0,1,0,0,0,16/10/2021,17/10/2021
3677,18101,7,13,38.7,1,2,16/10/2021,17/10/2021
3678,6357,0,0,0,0,0,16/10/2021,17/10/2021
3682,616,1,1,162.3,0,4,16/10/2021,17/10/2021
3683,1760,0,0,0,0,0,16/10/2021,17/10/2021
3685,2718,0,1,0,0,0,16/10/2021,17/10/2021
3687,1098,0,0,0,0,0,16/10/2021,17/10/2021
3688,1237,0,0,0,0,0,16/10/2021,17/10/2021
3690,33522,7,16,20.9,1,2,16/10/2021,17/10/2021
3691,9704,1,3,10.3,0,1,16/10/2021,17/10/2021
3694,92,0,0,0,0,0,16/10/2021,17/10/2021
3695,472,0,0,0,0,0,16/10/2021,17/10/2021
3697,575,0,0,0,0,0,16/10/2021,17/10/2021
3698,862,0,0,0,0,0,16/10/2021,17/10/2021
3699,1124,0,0,0,0,0,16/10/2021,17/10/2021
3700,1317,0,0,0,0,0,16/10/2021,17/10/2021
3701,1075,0,0,0,0,0,16/10/2021,17/10/2021
3704,20,0,0,0,0,0,16/10/2021,17/10/2021
3705,261,0,0,0,0,0,16/10/2021,17/10/2021
3706,,1,1,0,0,0,16/10/2021,17/10/2021
3707,1836,3,3,163.4,1,4,16/10/2021,17/10/2021
3708,58,0,0,0,0,0,16/10/2021,17/10/2021
3709,295,0,0,0,0,0,16/10/2021,17/10/2021
3711,493,3,3,608.5,2,6,16/10/2021,17/10/2021
3712,353,0,0,0,0,0,16/10/2021,17/10/2021
3713,1026,0,0,0,0,0,16/10/2021,17/10/2021
3714,3512,1,2,28.5,0,2,16/10/2021,17/10/2021
3715,308,0,1,0,0,0,16/10/2021,17/10/2021
3717,2654,2,8,75.4,0,3,16/10/2021,17/10/2021
3718,72,0,0,0,0,0,16/10/2021,17/10/2021
3719,371,0,0,0,0,0,16/10/2021,17/10/2021
3720,569,0,1,0,0,0,16/10/2021,17/10/2021
3722,5020,0,4,0,0,0,16/10/2021,17/10/2021
3723,3003,0,5,0,0,0,16/10/2021,17/10/2021
3725,631,0,0,0,0,0,16/10/2021,17/10/2021
3726,404,0,0,0,0,0,16/10/2021,17/10/2021
3727,305,0,0,0,0,0,16/10/2021,17/10/2021
3728,635,0,0,0,0,0,16/10/2021,17/10/2021
3730,8831,1,4,11.3,0,1,16/10/2021,17/10/2021
3732,595,0,0,0,0,0,16/10/2021,17/10/2021
3733,219,0,0,0,0,0,16/10/2021,17/10/2021
3735,609,0,0,0,0,0,16/10/2021,17/10/2021
3737,4302,2,2,46.5,0,2,16/10/2021,17/10/2021
3738,222,0,0,0,0,0,16/10/2021,17/10/2021
3739,215,0,0,0,0,0,16/10/2021,17/10/2021
3740,1075,0,0,0,0,0,16/10/2021,17/10/2021
3741,3098,0,1,0,0,0,16/10/2021,17/10/2021
3744,453,0,0,0,0,0,16/10/2021,17/10/2021
3746,385,0,0,0,0,0,16/10/2021,17/10/2021
3747,4628,0,0,0,0,0,16/10/2021,17/10/2021
3749,1889,0,0,0,0,0,16/10/2021,17/10/2021
3750,9060,242,673,2671.1,17,7,16/10/2021,17/10/2021
3751,272,3,9,1102.9,0,7,16/10/2021,17/10/2021
3752,24057,163,459,677.6,10,6,16/10/2021,17/10/2021
3753,2328,15,66,644.3,2,6,16/10/2021,17/10/2021
3754,37758,281,657,744.2,27,6,16/10/2021,17/10/2021
3755,251,2,2,796.8,1,6,16/10/2021,17/10/2021
3756,11926,73,175,612.1,10,6,16/10/2021,17/10/2021
3757,8955,24,53,268,3,5,16/10/2021,17/10/2021
3758,2182,4,10,183.3,0,4,16/10/2021,17/10/2021
3759,1062,0,1,0,0,0,16/10/2021,17/10/2021
3760,372,0,1,0,0,0,16/10/2021,17/10/2021
3761,1230,6,12,487.8,4,5,16/10/2021,17/10/2021
3762,131,0,0,0,0,0,16/10/2021,17/10/2021
3763,1536,2,9,130.2,0,4,16/10/2021,17/10/2021
3764,9161,12,50,131,0,4,16/10/2021,17/10/2021
3765,6764,6,21,88.7,0,3,16/10/2021,17/10/2021
3766,1240,3,7,241.9,2,5,16/10/2021,17/10/2021
3767,1253,0,2,0,0,0,16/10/2021,17/10/2021
3770,3222,2,9,62.1,0,3,16/10/2021,17/10/2021
3775,3865,1,7,25.9,0,2,16/10/2021,17/10/2021
3777,10753,16,29,148.8,3,4,16/10/2021,17/10/2021
3778,199,0,1,0,0,0,16/10/2021,17/10/2021
3779,394,0,0,0,0,0,16/10/2021,17/10/2021
3781,4471,5,11,111.8,0,4,16/10/2021,17/10/2021
3782,7824,21,35,268.4,1,5,16/10/2021,17/10/2021
3783,2350,4,6,170.2,0,4,16/10/2021,17/10/2021
3785,77,2,2,2597.4,0,7,16/10/2021,17/10/2021
3786,1520,0,2,0,0,0,16/10/2021,17/10/2021
3787,1059,4,7,377.7,3,5,16/10/2021,17/10/2021
3788,1742,2,2,114.8,0,4,16/10/2021,17/10/2021
3789,265,0,0,0,0,0,16/10/2021,17/10/2021
3791,1440,0,2,0,0,0,16/10/2021,17/10/2021
3792,1064,0,0,0,0,0,16/10/2021,17/10/2021
3793,3575,11,14,307.7,0,5,16/10/2021,17/10/2021
3795,1249,2,5,160.1,0,4,16/10/2021,17/10/2021
3796,9698,10,22,103.1,0,4,16/10/2021,17/10/2021
3797,3474,1,8,28.8,0,2,16/10/2021,17/10/2021
3799,5800,2,8,34.5,0,2,16/10/2021,17/10/2021
3800,2211,0,0,0,0,0,16/10/2021,17/10/2021
3801,,1,1,0,0,0,16/10/2021,17/10/2021
3802,24292,147,288,605.1,11,6,16/10/2021,17/10/2021
3803,10856,144,263,1326.5,11,7,16/10/2021,17/10/2021
3804,8096,62,96,765.8,1,6,16/10/2021,17/10/2021
3805,56937,333,649,584.9,38,6,16/10/2021,17/10/2021
3806,48521,158,282,325.6,14,5,16/10/2021,17/10/2021
3807,7096,13,40,183.2,0,4,16/10/2021,17/10/2021
3808,3031,10,18,329.9,0,5,16/10/2021,17/10/2021
3809,7212,84,172,1164.7,11,7,16/10/2021,17/10/2021
3810,47892,255,538,532.4,24,6,16/10/2021,17/10/2021
3812,2310,4,16,173.2,1,4,16/10/2021,17/10/2021
3813,886,3,4,338.6,0,5,16/10/2021,17/10/2021
3814,2257,8,9,354.5,1,5,16/10/2021,17/10/2021
3815,3020,4,5,132.5,0,4,16/10/2021,17/10/2021
3816,2717,18,21,662.5,4,6,16/10/2021,17/10/2021
3818,14170,78,87,550.5,6,6,16/10/2021,17/10/2021
3820,15952,68,77,426.3,8,5,16/10/2021,17/10/2021
3821,2918,4,9,137.1,0,4,16/10/2021,17/10/2021
3822,983,1,1,101.7,0,4,16/10/2021,17/10/2021
3823,1839,13,17,706.9,1,6,16/10/2021,17/10/2021
3824,5003,0,2,0,0,0,16/10/2021,17/10/2021
3825,20282,24,31,118.3,0,4,16/10/2021,17/10/2021
3831,1701,9,10,529.1,0,6,16/10/2021,17/10/2021
3832,249,0,0,0,0,0,16/10/2021,17/10/2021
3833,304,0,0,0,0,0,16/10/2021,17/10/2021
3835,472,5,5,1059.3,0,7,16/10/2021,17/10/2021
3840,16478,84,112,509.8,4,6,16/10/2021,17/10/2021
3842,4784,6,11,125.4,0,4,16/10/2021,17/10/2021
3844,28981,40,110,138,2,4,16/10/2021,17/10/2021
3847,2191,0,3,0,0,0,16/10/2021,17/10/2021
3850,14782,3,13,20.3,0,2,16/10/2021,17/10/2021
3851,5689,1,5,17.6,1,1,16/10/2021,17/10/2021
3852,92,0,0,0,0,0,16/10/2021,17/10/2021
3854,1400,0,2,0,0,0,16/10/2021,17/10/2021
3856,992,0,3,0,0,0,16/10/2021,17/10/2021
3857,368,0,0,0,0,0,16/10/2021,17/10/2021
3858,3026,0,0,0,0,0,16/10/2021,17/10/2021
3859,834,2,2,239.8,0,5,16/10/2021,17/10/2021
3860,7171,0,2,0,0,0,16/10/2021,17/10/2021
3862,3157,0,4,0,0,0,16/10/2021,17/10/2021
3864,218,0,0,0,0,0,16/10/2021,17/10/2021
3865,445,0,1,0,0,0,16/10/2021,17/10/2021
3869,1624,1,1,61.6,0,3,16/10/2021,17/10/2021
3870,1265,1,1,79.1,0,3,16/10/2021,17/10/2021
3871,2904,2,2,68.9,0,3,16/10/2021,17/10/2021
3873,323,0,0,0,0,0,16/10/2021,17/10/2021
3874,558,3,3,537.6,0,6,16/10/2021,17/10/2021
3875,18625,3,9,16.1,0,1,16/10/2021,17/10/2021
3878,1098,0,0,0,0,0,16/10/2021,17/10/2021
3880,4037,0,2,0,0,0,16/10/2021,17/10/2021
3882,1094,0,0,0,0,0,16/10/2021,17/10/2021
3885,1868,0,0,0,0,0,16/10/2021,17/10/2021
3886,395,0,0,0,0,0,16/10/2021,17/10/2021
3887,342,0,0,0,0,0,16/10/2021,17/10/2021
3888,3421,0,0,0,0,0,16/10/2021,17/10/2021
3889,179,0,0,0,0,0,16/10/2021,17/10/2021
3890,324,0,0,0,0,0,16/10/2021,17/10/2021
3891,104,0,0,0,0,0,16/10/2021,17/10/2021
3892,1060,0,0,0,0,0,16/10/2021,17/10/2021
3893,22,0,0,0,0,0,16/10/2021,17/10/2021
3895,194,0,0,0,0,0,16/10/2021,17/10/2021
3896,405,0,0,0,0,0,16/10/2021,17/10/2021
3898,790,0,0,0,0,0,16/10/2021,17/10/2021
3900,151,0,0,0,0,0,16/10/2021,17/10/2021
3902,412,0,0,0,0,0,16/10/2021,17/10/2021
3903,746,0,0,0,0,0,16/10/2021,17/10/2021
3904,1452,0,0,0,0,0,16/10/2021,17/10/2021
3909,7901,2,3,25.3,2,2,16/10/2021,17/10/2021
3910,22587,40,112,177.1,4,4,16/10/2021,17/10/2021
3911,3413,4,7,117.2,1,4,16/10/2021,17/10/2021
3912,15154,24,45,158.4,1,4,16/10/2021,17/10/2021
3913,3337,4,10,119.9,1,4,16/10/2021,17/10/2021
3915,9960,58,70,582.3,4,6,16/10/2021,17/10/2021
3916,952,0,0,0,0,0,16/10/2021,17/10/2021
3918,3704,5,9,135,0,4,16/10/2021,17/10/2021
3919,3182,11,13,345.7,2,5,16/10/2021,17/10/2021
3920,1037,1,2,96.4,0,3,16/10/2021,17/10/2021
3921,114,0,0,0,0,0,16/10/2021,17/10/2021
3922,7740,2,4,25.8,0,2,16/10/2021,17/10/2021
3923,516,0,0,0,0,0,16/10/2021,17/10/2021
3925,3377,1,3,29.6,0,2,16/10/2021,17/10/2021
3926,3240,1,5,30.9,0,2,16/10/2021,17/10/2021
3927,1671,2,5,119.7,0,4,16/10/2021,17/10/2021
3928,413,0,1,0,0,0,16/10/2021,17/10/2021
3929,906,0,9,0,0,0,16/10/2021,17/10/2021
3930,17889,7,27,39.1,1,2,16/10/2021,17/10/2021
3931,23991,23,98,95.9,1,3,16/10/2021,17/10/2021
3933,1101,3,6,272.5,0,5,16/10/2021,17/10/2021
3934,18547,24,51,129.4,1,4,16/10/2021,17/10/2021
3936,11024,4,17,36.3,0,2,16/10/2021,17/10/2021
3937,1519,0,0,0,0,0,16/10/2021,17/10/2021
3938,2820,5,5,177.3,0,4,16/10/2021,17/10/2021
3939,14522,21,39,144.6,1,4,16/10/2021,17/10/2021
3940,4930,10,20,202.8,1,5,16/10/2021,17/10/2021
3941,12174,17,32,139.6,2,4,16/10/2021,17/10/2021
3942,2317,4,11,172.6,0,4,16/10/2021,17/10/2021
3943,1593,2,12,125.5,1,4,16/10/2021,17/10/2021
3944,510,0,7,0,0,0,16/10/2021,17/10/2021
3945,976,2,2,204.9,0,5,16/10/2021,17/10/2021
3946,216,1,1,463,0,5,16/10/2021,17/10/2021
3950,4798,2,13,41.7,0,2,16/10/2021,17/10/2021
3951,1005,0,1,0,0,0,16/10/2021,17/10/2021
3953,7859,3,7,38.2,0,2,16/10/2021,17/10/2021
3954,404,0,0,0,0,0,16/10/2021,17/10/2021
3956,2818,0,2,0,0,0,16/10/2021,17/10/2021
3957,279,0,0,0,0,0,16/10/2021,17/10/2021
3958,272,0,0,0,0,0,16/10/2021,17/10/2021
3959,1153,0,0,0,0,0,16/10/2021,17/10/2021
3960,2477,0,1,0,0,0,16/10/2021,17/10/2021
3962,913,0,0,0,0,0,16/10/2021,17/10/2021
3964,133,0,0,0,0,0,16/10/2021,17/10/2021
3965,208,1,1,480.8,1,5,16/10/2021,17/10/2021
3966,510,0,0,0,0,0,16/10/2021,17/10/2021
3967,127,1,1,787.4,0,6,16/10/2021,17/10/2021
3971,4017,3,4,74.7,0,3,16/10/2021,17/10/2021
3975,15246,81,171,531.3,8,6,16/10/2021,17/10/2021
3976,25532,222,380,869.5,26,6,16/10/2021,17/10/2021
3977,93322,597,1166,639.7,90,6,16/10/2021,17/10/2021
3978,10648,229,409,2150.6,27,7,16/10/2021,17/10/2021
3979,315,0,0,0,0,0,16/10/2021,17/10/2021
3980,3350,6,14,179.1,2,4,16/10/2021,17/10/2021
3981,4901,10,15,204,3,5,16/10/2021,17/10/2021
3984,5212,11,22,211.1,0,5,16/10/2021,17/10/2021
3987,1527,2,5,131,0,4,16/10/2021,17/10/2021
3988,1001,1,4,99.9,0,3,16/10/2021,17/10/2021
3990,110,0,0,0,0,0,16/10/2021,17/10/2021
3991,357,0,0,0,0,0,16/10/2021,17/10/2021
3992,966,0,2,0,0,0,16/10/2021,17/10/2021
3995,10171,7,10,68.8,0,3,16/10/2021,17/10/2021
3996,5541,2,6,36.1,1,2,16/10/2021,17/10/2021
9998,,3,242,0,0,0,16/10/2021,17/10/2021
9999,,54,296,0,9,0,16/10/2021,17/10/2021
3451,5654,0,3,0,0,0,16/10/2021,17/10/2021
3453,1725,0,1,0,0,0,16/10/2021,17/10/2021
3458,1947,0,2,0,0,0,16/10/2021,17/10/2021
3460,2566,0,3,0,0,0,16/10/2021,17/10/2021
3461,4150,2,2,48.2,0,2,16/10/2021,17/10/2021
3462,1173,0,1,0,0,0,16/10/2021,17/10/2021
3463,2454,0,2,0,0,0,16/10/2021,17/10/2021
3464,1118,0,0,0,0,0,16/10/2021,17/10/2021
3465,9770,0,2,0,0,0,16/10/2021,17/10/2021
3467,1196,0,1,0,0,0,16/10/2021,17/10/2021
3468,284,0,0,0,0,0,16/10/2021,17/10/2021
3469,278,0,0,0,0,0,16/10/2021,17/10/2021
3472,1482,0,0,0,0,0,16/10/2021,17/10/2021
3475,348,0,0,0,0,0,16/10/2021,17/10/2021
3477,824,0,0,0,0,0,16/10/2021,17/10/2021
3478,2457,0,2,0,0,0,16/10/2021,17/10/2021
3480,1862,0,0,0,0,0,16/10/2021,17/10/2021
3482,169,0,0,0,0,0,16/10/2021,17/10/2021
3483,888,0,0,0,0,0,16/10/2021,17/10/2021
3485,302,0,0,0,0,0,16/10/2021,17/10/2021
3487,96,0,0,0,0,0,16/10/2021,17/10/2021
3488,110,0,0,0,0,0,16/10/2021,17/10/2021
3489,53,0,0,0,0,0,16/10/2021,17/10/2021
3490,1290,1,1,77.5,0,3,16/10/2021,17/10/2021
3491,133,0,0,0,0,0,16/10/2021,17/10/2021
3494,661,0,0,0,0,0,16/10/2021,17/10/2021
3496,6224,12,13,192.8,1,4,16/10/2021,17/10/2021
3498,5324,9,12,169,0,4,16/10/2021,17/10/2021
3500,32738,180,188,549.8,11,6,16/10/2021,17/10/2021
3501,1939,3,8,154.7,0,4,16/10/2021,17/10/2021
3505,4829,8,9,165.7,0,4,16/10/2021,17/10/2021
3506,37,0,0,0,0,0,16/10/2021,17/10/2021
3507,157,0,0,0,0,0,16/10/2021,17/10/2021
3509,231,0,0,0,0,0,16/10/2021,17/10/2021
3512,371,0,0,0,0,0,16/10/2021,17/10/2021
3515,1940,7,11,360.8,0,5,16/10/2021,17/10/2021
3516,694,0,0,0,0,0,16/10/2021,17/10/2021
3517,1416,0,0,0,0,0,16/10/2021,17/10/2021
3518,1307,0,0,0,0,0,16/10/2021,17/10/2021
3520,179,0,0,0,0,0,16/10/2021,17/10/2021
3521,660,0,2,0,0,0,16/10/2021,17/10/2021
3522,334,1,2,299.4,0,5,16/10/2021,17/10/2021
3523,3619,0,8,0,0,0,16/10/2021,17/10/2021
3525,1302,0,0,0,0,0,16/10/2021,17/10/2021
3527,785,0,0,0,0,0,16/10/2021,17/10/2021
3529,120,0,0,0,0,0,16/10/2021,17/10/2021
3530,125,0,0,0,0,0,16/10/2021,17/10/2021
3531,191,0,0,0,0,0,16/10/2021,17/10/2021
3533,779,0,0,0,0,0,16/10/2021,17/10/2021
3537,1042,0,1,0,0,0,16/10/2021,17/10/2021
3540,286,0,0,0,0,0,16/10/2021,17/10/2021
3542,155,0,0,0,0,0,16/10/2021,17/10/2021
3544,249,0,0,0,0,0,16/10/2021,17/10/2021
3546,403,0,0,0,0,0,16/10/2021,17/10/2021
3549,3527,1,2,28.4,0,2,16/10/2021,17/10/2021
3550,40341,31,70,76.8,4,3,16/10/2021,17/10/2021
3551,29564,12,36,40.6,2,2,16/10/2021,17/10/2021
3555,19688,12,39,61,1,3,16/10/2021,17/10/2021
3556,13087,8,11,61.1,2,3,16/10/2021,17/10/2021
3557,785,0,0,0,0,0,16/10/2021,17/10/2021
3558,916,0,0,0,0,0,16/10/2021,17/10/2021
3559,545,0,0,0,0,0,16/10/2021,17/10/2021
3561,4434,0,3,0,0,0,16/10/2021,17/10/2021
3562,278,0,0,0,0,0,16/10/2021,17/10/2021
3563,808,0,0,0,0,0,16/10/2021,17/10/2021
3564,15944,6,11,37.6,1,2,16/10/2021,17/10/2021
3565,107,0,0,0,0,0,16/10/2021,17/10/2021
3566,556,0,0,0,0,0,16/10/2021,17/10/2021
3567,654,0,0,0,0,0,16/10/2021,17/10/2021
3568,2948,0,1,0,0,0,16/10/2021,17/10/2021
3570,752,0,0,0,0,0,16/10/2021,17/10/2021
3571,319,0,0,0,0,0,16/10/2021,17/10/2021
3572,151,0,0,0,0,0,16/10/2021,17/10/2021
3573,331,0,3,0,0,0,16/10/2021,17/10/2021
3575,807,0,0,0,0,0,16/10/2021,17/10/2021
3576,72,1,1,1388.9,0,7,16/10/2021,17/10/2021
3579,5362,0,9,0,0,0,16/10/2021,17/10/2021
3580,990,0,0,0,0,0,16/10/2021,17/10/2021
3581,163,0,0,0,0,0,16/10/2021,17/10/2021
3583,208,0,0,0,0,0,16/10/2021,17/10/2021
3584,1139,1,1,87.8,0,3,16/10/2021,17/10/2021
3585,11205,20,24,178.5,2,4,16/10/2021,17/10/2021
3586,825,0,0,0,0,0,16/10/2021,17/10/2021
3588,359,0,0,0,0,0,16/10/2021,17/10/2021
3589,347,0,0,0,0,0,2021-10-16,2021-10-17
3590,335,0,0,0,0,0,2021-10-16,2021-10-17
3591,164,0,0,0,0,0,2021-10-16,2021-10-17
3594,529,0,1,0,0,0,2021-10-16,2021-10-17